{"cameraMode":{"drawMode":0,"name":"Shaded","section":"Shading Mode"},"sceneLighting":true,"audioPlay":false,"sceneViewState":{"m_AlwaysRefresh":false,"showFog":true,"showSkybox":true,"showFlares":true,"showImageEffects":true,"showParticleSystems":true,"showVisualEffectGraphs":true,"m_FxEnabled":true},"in2DMode":false,"pivot":{"x":15.155241966247559,"y":-6.58893346786499,"z":-10.977546691894532},"rotation":{"x":0.03658352047204971,"y":-0.6442674398422241,"z":0.030890727415680887,"w":0.7633514404296875},"size":14.151193618774414,"orthographic":true}