{"cameraMode":{"drawMode":0,"name":"Shaded","section":"Shading Mode"},"sceneLighting":true,"audioPlay":false,"sceneViewState":{"m_AlwaysRefresh":false,"showFog":true,"showSkybox":true,"showFlares":true,"showImageEffects":true,"showParticleSystems":true,"showVisualEffectGraphs":true,"m_FxEnabled":true},"in2DMode":false,"pivot":{"x":3.1734015941619875,"y":-4.957015037536621,"z":8.745243072509766},"rotation":{"x":0.32630547881126406,"y":0.005671595688909292,"z":-0.0019579255022108557,"w":0.94524747133255},"size":26.9925594329834,"orthographic":false}