{"cameraMode":{"drawMode":0,"name":"Shaded","section":"Shading Mode"},"sceneLighting":true,"audioPlay":false,"sceneViewState":{"m_AlwaysRefresh":false,"showFog":true,"showSkybox":true,"showFlares":true,"showImageEffects":true,"showParticleSystems":true,"showVisualEffectGraphs":true,"m_FxEnabled":true},"in2DMode":false,"pivot":{"x":3.1316590309143068,"y":3.6915502548217775,"z":-15.364191055297852},"rotation":{"x":0.09876587241888046,"y":-0.03820127621293068,"z":0.0037936787120997907,"w":0.9943760633468628},"size":11.8493013381958,"orthographic":true}