{"cameraMode":{"drawMode":0,"name":"Shaded","section":"Shading Mode"},"sceneLighting":true,"audioPlay":false,"sceneViewState":{"m_AlwaysRefresh":false,"showFog":true,"showSkybox":true,"showFlares":true,"showImageEffects":true,"showParticleSystems":true,"showVisualEffectGraphs":true,"m_FxEnabled":true},"in2DMode":false,"pivot":{"x":1.9906411170959473,"y":-0.16486048698425294,"z":3.935244560241699},"rotation":{"x":0.27497050166130068,"y":0.053326524794101718,"z":-0.015276551246643067,"w":0.9598515033721924},"size":8.996862411499024,"orthographic":false}