{"cameraMode":{"drawMode":0,"name":"Shaded","section":"Shading Mode"},"sceneLighting":false,"audioPlay":false,"sceneViewState":{"m_AlwaysRefresh":false,"showFog":true,"showSkybox":false,"showFlares":true,"showImageEffects":true,"showParticleSystems":true,"showVisualEffectGraphs":true,"m_FxEnabled":true},"in2DMode":false,"pivot":{"x":33.584266662597659,"y":-0.7043173313140869,"z":12.30197525024414},"rotation":{"x":-0.3604607582092285,"y":0.11984381079673767,"z":0.046759940683841708,"w":0.9238654971122742},"size":3.9895942211151125,"orthographic":false}