{"cameraMode":{"drawMode":0,"name":"Shaded","section":"Shading Mode"},"sceneLighting":true,"audioPlay":false,"sceneViewState":{"m_AlwaysRefresh":false,"showFog":true,"showSkybox":true,"showFlares":true,"showImageEffects":true,"showParticleSystems":true,"showVisualEffectGraphs":true,"m_FxEnabled":true},"in2DMode":false,"pivot":{"x":-7.652860164642334,"y":2.2306318283081056,"z":0.9035693407058716},"rotation":{"x":-0.08355779200792313,"y":0.2881144881248474,"z":-0.025241205468773843,"w":-0.9536139965057373},"size":2.3440186977386476,"orthographic":true}