{"cameraMode":{"drawMode":0,"name":"Shaded","section":"Shading Mode"},"sceneLighting":true,"audioPlay":false,"sceneViewState":{"m_AlwaysRefresh":false,"showFog":true,"showSkybox":true,"showFlares":true,"showImageEffects":true,"showParticleSystems":true,"showVisualEffectGraphs":true,"m_FxEnabled":true},"in2DMode":false,"pivot":{"x":-0.3144797086715698,"y":3.257812023162842,"z":-0.34113502502441409},"rotation":{"x":0.5959041118621826,"y":-0.0036137124989181759,"z":0.002681596903130412,"w":0.803043782711029},"size":8.425861358642579,"orthographic":true}