{"cameraMode":{"drawMode":0,"name":"Shaded","section":"Shading Mode"},"sceneLighting":true,"audioPlay":false,"sceneViewState":{"m_AlwaysRefresh":false,"showFog":true,"showSkybox":true,"showFlares":true,"showImageEffects":true,"showParticleSystems":true,"showVisualEffectGraphs":true,"m_FxEnabled":true},"in2DMode":false,"pivot":{"x":1.7976982593536378,"y":5.554625988006592,"z":10.65969467163086},"rotation":{"x":0.142002671957016,"y":-0.014847642742097378,"z":0.0021301875822246076,"w":0.9897553324699402},"size":22.169721603393556,"orthographic":true}