{"cameraMode":{"drawMode":0,"name":"Shaded","section":"Shading Mode"},"sceneLighting":true,"audioPlay":false,"sceneViewState":{"m_AlwaysRefresh":false,"showFog":true,"showSkybox":true,"showFlares":true,"showImageEffects":true,"showParticleSystems":true,"showVisualEffectGraphs":true,"m_FxEnabled":true},"in2DMode":false,"pivot":{"x":2.4713973999023439,"y":8.781866073608399,"z":-3.646289825439453},"rotation":{"x":0.35029205679893496,"y":0.008898317813873291,"z":-0.0033266993705183269,"w":0.936598539352417},"size":8.685407638549805,"orthographic":true}